title,departure_port,sailing_to,price,currency,dates_button,num_dates
3-Night Cruise from Singapore,Singapore,,"₹1,09,956",INR,Show 64 Dates,64
4-Night Cruise from Singapore,Singapore,,"₹1,32,920",INR,Show 38 Dates,38
4-Night Langkawi Cruise from Singapore,Singapore,"Langkawi, Malaysia","₹1,47,692",INR,Show 27 Dates,27
3-Night Baja Cruise from San Diego,San Diego,"Ensenada, Mexico","₹1,18,303",INR,Show 21 Dates,21
4-Night Baja Cruise from San Diego,San Diego,"Ensenada, Mexico","₹1,24,776",INR,Show 9 Dates,9
3-Night Baja Cruise from San Diego,San Diego,"Ensenada, Mexico","₹1,29,140",INR,Show 4 Dates,4
3-Night Baja Cruise from San Diego,San Diego,"Catalina Island, California | Ensenada, Mexico","₹1,31,479",INR,Show 3 Dates,3
4-Night Baja Cruise from San Diego,San Diego,"Catalina Island, California | Ensenada, Mexico","₹1,39,377",INR,Show 18 Dates,18
4-Night Baja Cruise from San Diego,San Diego,"Ensenada, Mexico","₹1,46,093",INR,Show 1 Date,1
3-Night Bahamian Cruise from Fort Lauderdale,Fort Lauderdale,"Disney Lookout Cay at Lighthouse Point | Nassau, Bahamas","₹1,47,763",INR,Show 9 Dates,9
3-Night Bahamian Cruise from Fort Lauderdale,Fort Lauderdale,Disney Lookout Cay at Lighthouse Point,"₹1,47,915",INR,Show 3 Dates,3
4-Night Baja Cruise from San Diego,San Diego,"Catalina Island, California | Ensenada, Mexico","₹1,48,863",INR,Show 6 Dates,6
4-Night Baja Cruise from San Diego,San Diego,"Ensenada, Mexico","₹1,49,175",INR,Show 1 Date,1
3-Night Baja Cruise from San Diego,San Diego,"Ensenada, Mexico","₹1,53,992",INR,Show 8 Dates,8
4-Night Pacific Coast Cruise from San Diego ending in Vancouver,San Diego ending in Vancouver,"Vancouver (British Columbia), Canada","₹1,59,577",INR,Show 3 Dates,3
3-Night Bahamian Cruise from Fort Lauderdale,Fort Lauderdale,"Disney Lookout Cay at Lighthouse Point | Nassau, Bahamas","₹1,59,983",INR,Show 26 Dates,26
4-Night Pacific Coast Cruise from Vancouver ending in San Diego,Vancouver ending in San Diego,"San Diego, California","₹1,65,279",INR,Show 2 Dates,2
4-Night Western Caribbean Cruise from Galveston,Galveston,"Progreso, Mexico","₹1,65,871",INR,Show 5 Dates,5
5-Night Mexican Riviera Cruise from San Diego,San Diego,"Cabo San Lucas, Mexico | Ensenada, Mexico","₹1,67,121",INR,Show 4 Dates,4
3-Night Bahamian Cruise from Port Canaveral,Port Canaveral,"Nassau, Bahamas | Disney Castaway Cay","₹1,68,575",INR,Show 56 Dates,56
4-Night Bahamian Cruise from Fort Lauderdale,Fort Lauderdale,"Nassau, Bahamas | Disney Lookout Cay at Lighthouse Point","₹1,69,726",INR,Show 4 Dates,4
4-Night Western Caribbean Cruise from Galveston,Galveston,"Progreso, Mexico","₹1,74,663",INR,Show 13 Dates,13
4-Night Bahamian Cruise from Fort Lauderdale,Fort Lauderdale,Disney Lookout Cay at Lighthouse Point | Disney Castaway Cay,"₹1,75,328",INR,Show 2 Dates,2
3-Night Bahamian Cruise from Fort Lauderdale,Fort Lauderdale,"Disney Lookout Cay at Lighthouse Point | Nassau, Bahamas","₹1,77,817",INR,Show 4 Dates,4
4-Night Bahamian Cruise from Fort Lauderdale,Fort Lauderdale,Disney Lookout Cay at Lighthouse Point | Disney Castaway Cay,"₹1,78,410",INR,Show 8 Dates,8
4-Night Bahamian Cruise from Fort Lauderdale,Fort Lauderdale,"Disney Lookout Cay at Lighthouse Point | Nassau, Bahamas","₹1,80,514",INR,Show 22 Dates,22
5-Night Mexican Riviera Cruise from San Diego,San Diego,"Cabo San Lucas, Mexico | Ensenada, Mexico","₹1,81,570",INR,Show 2 Dates,2
3-Night Bahamian Cruise from Port Canaveral,Port Canaveral,"Nassau, Bahamas | Disney Castaway Cay","₹1,81,868",INR,Show 13 Dates,13
4-Night Bahamian Cruise from Fort Lauderdale,Fort Lauderdale,Disney Castaway Cay | Disney Lookout Cay at Lighthouse Point,"₹1,82,263",INR,Show 15 Dates,15
4-Night Baja Cruise from San Diego,San Diego,"Catalina Island, California | Ensenada, Mexico","₹1,83,856",INR,Show 5 Dates,5
3-Night Bahamian Cruise from Port Canaveral,Port Canaveral,"Nassau, Bahamas | Disney Castaway Cay","₹1,88,151",INR,Show 12 Dates,12
6-Night Mexican Riviera Cruise from San Diego,San Diego,"Ensenada, Mexico | Cabo San Lucas, Mexico","₹1,91,973",INR,Show 1 Date,1
4-Night Bahamian Cruise from Port Canaveral,Port Canaveral,Disney Castaway Cay | Disney Lookout Cay at Lighthouse Point,"₹1,92,331",INR,Show 15 Dates,15
5-Night Western Caribbean Cruise from Galveston,Galveston,"Cozumel, Mexico | Progreso, Mexico","₹1,94,603",INR,Show 9 Dates,9
6-Night Mexican Riviera Cruise from San Diego,San Diego,"Cabo San Lucas, Mexico | Ensenada, Mexico","₹1,95,441",INR,Show 4 Dates,4
3-Night Bahamian Cruise from Fort Lauderdale,Fort Lauderdale,Disney Lookout Cay at Lighthouse Point,"₹1,99,931",INR,Show 1 Date,1
3-Night Bahamian Cruise from Port Canaveral,Port Canaveral,Disney Castaway Cay,"₹2,00,528",INR,Show 6 Dates,6
4-Night Bahamian Cruise from Port Canaveral,Port Canaveral,"Nassau, Bahamas | Disney Castaway Cay","₹2,01,124",INR,Show 36 Dates,36
4-Night Western Caribbean Cruise from Galveston,Galveston,"Progreso, Mexico","₹2,03,062",INR,Show 3 Dates,3
4-Night Bahamian Cruise from Fort Lauderdale,Fort Lauderdale,"Disney Castaway Cay | Nassau, Bahamas","₹2,10,340",INR,Show 16 Dates,16
4-Night Bahamian Cruise from Port Canaveral,Port Canaveral,Disney Castaway Cay | Disney Lookout Cay at Lighthouse Point,"₹2,11,596",INR,Show 14 Dates,14
4-Night Bahamian Cruise from Port Canaveral,Port Canaveral,"Nassau, Bahamas | Disney Castaway Cay","₹2,13,453",INR,Show 4 Dates,4
5-Night Baja Cruise from San Diego,San Diego,"Catalina Island, California | Ensenada, Mexico","₹2,13,993",INR,Show 4 Dates,4
4-Night Bahamian Cruise from Fort Lauderdale,Fort Lauderdale,"Nassau, Bahamas | Disney Castaway Cay","₹2,14,397",INR,Show 1 Date,1
5-Night Baja Cruise from San Diego,San Diego,"Catalina Island, California | Ensenada, Mexico","₹2,17,570",INR,Show 2 Dates,2
5-Night Western Caribbean Cruise from Galveston,Galveston,"Cozumel, Mexico | Progreso, Mexico","₹2,19,589",INR,Show 14 Dates,14
4-Night Bahamian Cruise from Port Canaveral,Port Canaveral,"Nassau, Bahamas | Disney Lookout Cay at Lighthouse Point","₹2,19,611",INR,Show 15 Dates,15
5-Night Mexican Riviera Cruise from San Diego,San Diego,"Cabo San Lucas, Mexico | Ensenada, Mexico","₹2,19,990",INR,Show 2 Dates,2
5-Night Western Caribbean Cruise from Galveston,Galveston,"Cozumel, Mexico | Progreso, Mexico","₹2,21,683",INR,Show 5 Dates,5
5-Night Baja Cruise from San Diego,San Diego,"Catalina Island, California | Ensenada, Mexico","₹2,23,625",INR,Show 1 Date,1
3-Night Bahamian Cruise from Port Canaveral,Port Canaveral,Disney Castaway Cay,"₹2,25,958",INR,Show 3 Dates,3
4-Night Bahamian Cruise from Port Canaveral,Port Canaveral,"Nassau, Bahamas | Disney Castaway Cay","₹2,27,451",INR,Show 2 Dates,2
5-Night Western Caribbean Cruise from Galveston,Galveston,"Progreso, Mexico","₹2,28,605",INR,Show 1 Date,1
4-Night Eastern Caribbean Cruise from San Juan ending in Port Canaveral,San Juan ending in Port Canaveral,"Disney Lookout Cay at Lighthouse Point | Disney Castaway Cay | Port Canaveral, Florida","₹2,29,436",INR,Show 2 Dates,2
5-Night Bahamian Cruise from Port Canaveral,Port Canaveral,"Disney Castaway Cay | Disney Lookout Cay at Lighthouse Point | Nassau, Bahamas","₹2,35,044",INR,Show 9 Dates,9
5-Night Bahamian Cruise from Port Canaveral,Port Canaveral,"Disney Castaway Cay | Nassau, Bahamas | Disney Lookout Cay at Lighthouse Point","₹2,35,044",INR,Show 36 Dates,36
3-Night Bahamian Cruise from Fort Lauderdale,Fort Lauderdale,Disney Castaway Cay,"₹2,37,498",INR,Show 1 Date,1
4-Night Bahamian Cruise from Fort Lauderdale,Fort Lauderdale,"Nassau, Bahamas | Disney Castaway Cay","₹2,40,598",INR,Show 1 Date,1
4-Night Bahamian Cruise from Fort Lauderdale,Fort Lauderdale,"Disney Lookout Cay at Lighthouse Point | Nassau, Bahamas","₹2,41,392",INR,Show 4 Dates,4
5-Night Western Caribbean Cruise from Fort Lauderdale,Fort Lauderdale,"Disney Castaway Cay | Cozumel, Mexico","₹2,42,031",INR,Show 16 Dates,16
7-Night Mexican Riviera Cruise from San Diego,San Diego,"Ensenada, Mexico | Cabo San Lucas, Mexico | Puerto Vallarta, Mexico","₹2,43,415",INR,Show 2 Dates,2
5-Night Western Caribbean Cruise from Fort Lauderdale,Fort Lauderdale,"Cozumel, Mexico | Disney Castaway Cay","₹2,43,950",INR,Show 4 Dates,4
4-Night Bahamian Cruise from Port Canaveral,Port Canaveral,Disney Lookout Cay at Lighthouse Point | Disney Castaway Cay,"₹2,45,289",INR,Show 31 Dates,31
4-Night Eastern Caribbean Cruise from Fort Lauderdale ending in San Juan,Fort Lauderdale ending in San Juan,"Disney Castaway Cay | Disney Lookout Cay at Lighthouse Point | San Juan, Puerto Rico","₹2,48,913",INR,Show 1 Date,1
6-Night Mexican Riviera Cruise from San Diego,San Diego,"Cabo San Lucas, Mexico | Ensenada, Mexico","₹2,50,978",INR,Show 2 Dates,2
5-Night Western Caribbean Cruise from Port Canaveral,Port Canaveral,"Disney Castaway Cay | Cozumel, Mexico","₹2,58,563",INR,Show 6 Dates,6
5-Night Bahamian Cruise from Port Canaveral,Port Canaveral,"Disney Castaway Cay | Disney Lookout Cay at Lighthouse Point | Nassau, Bahamas","₹2,59,125",INR,Show 4 Dates,4
5-Night Eastern Caribbean Cruise from Port Canaveral ending San Juan,Port Canaveral ending San Juan,"Disney Castaway Cay | Disney Lookout Cay at Lighthouse Point | St. Thomas, U.S. Virgin Islands | San Juan, Puerto Rico","₹2,60,454",INR,Show 1 Date,1
5-Night Eastern Caribbean Cruise from San Juan ending in Fort Lauderdale,San Juan ending in Fort Lauderdale,"St. Thomas, U.S. Virgin Islands | Disney Lookout Cay at Lighthouse Point | Disney Castaway Cay | Fort Lauderdale, Florida","₹2,61,622",INR,Show 1 Date,1
5-Night Bahamian Cruise from Fort Lauderdale,Fort Lauderdale,"Nassau, Bahamas | Disney Lookout Cay at Lighthouse Point | Disney Castaway Cay","₹2,64,385",INR,Show 15 Dates,15
5-Night Bahamian Cruise from Fort Lauderdale,Fort Lauderdale,"Disney Lookout Cay at Lighthouse Point | Disney Castaway Cay | Nassau, Bahamas","₹2,71,127",INR,Show 4 Dates,4
5-Night Western Caribbean Cruise from Port Canaveral,Port Canaveral,"Disney Castaway Cay | Cozumel, Mexico","₹2,72,595",INR,Show 5 Dates,5
5-Night Western Caribbean from Port Canaveral,Port Canaveral,"Disney Castaway Cay | Cozumel, Mexico","₹2,88,905",INR,Show 1 Date,1
3-Night Bahamian Cruise from Fort Lauderdale,Fort Lauderdale,"Disney Castaway Cay | Nassau, Bahamas","₹2,91,639",INR,Show 1 Date,1
7-Night Bahamian Cruise from Galveston,Galveston,Disney Lookout Cay at Lighthouse Point | Disney Castaway Cay,"₹2,97,888",INR,Show 2 Dates,2
7-Night Mexican Riviera Cruise from San Diego,San Diego,"Ensenada, Mexico | Cabo San Lucas, Mexico | Mazatlán, Mexico","₹2,98,806",INR,Show 1 Date,1
7-Night Mexican Riviera Cruise from San Diego,San Diego,"Ensenada, Mexico | Cabo San Lucas, Mexico | Puerto Vallarta, Mexico","₹2,98,871",INR,Show 6 Dates,6
4-Night Bahamian Cruise from Port Canaveral,Port Canaveral,"Nassau, Bahamas | Disney Lookout Cay at Lighthouse Point","₹3,01,088",INR,Show 1 Date,1
5-Night Western Caribbean Cruise from Port Canaveral,Port Canaveral,"Disney Castaway Cay | Cozumel, Mexico","₹3,02,872",INR,Show 1 Date,1
7-Night Bahamian Cruise from Galveston,Galveston,"Nassau, Bahamas | Disney Castaway Cay","₹3,03,013",INR,Show 2 Dates,2
3-Night Bahamian Cruise from Fort Lauderdale,Fort Lauderdale,Disney Lookout Cay at Lighthouse Point,"₹3,03,836",INR,Show 1 Date,1
7-Night Eastern Caribbean Cruise from Fort Lauderdale,Fort Lauderdale,"Disney Lookout Cay at Lighthouse Point | San Juan, Puerto Rico | Tortola, British Virgin Islands","₹3,06,554",INR,Show 2 Dates,2
7-Night Mexican Riviera Cruise from San Diego,San Diego,"Ensenada, Mexico | Cabo San Lucas, Mexico | Puerto Vallarta, Mexico","₹3,07,276",INR,Show 2 Dates,2
5-Night Bahamian Cruise from Port Canaveral,Port Canaveral,Disney Castaway Cay | Disney Lookout Cay at Lighthouse Point,"₹3,09,290",INR,Show 1 Date,1
6-Night Eastern Caribbean Cruise from San Juan ending in Port Canaveral,San Juan ending in Port Canaveral,"Philipsburg, St. Maarten | St. Thomas, U.S. Virgin Islands | Disney Lookout Cay at Lighthouse Point | Disney Castaway Cay | Port Canaveral, Florida","₹3,10,711",INR,Show 1 Date,1
6-Night Bahamian Cruise from Fort Lauderdale,Fort Lauderdale,"Disney Lookout Cay at Lighthouse Point | Disney Castaway Cay | Disney Lookout Cay at Lighthouse Point | Nassau, Bahamas","₹3,12,896",INR,Show 1 Date,1
6-Night Eastern Caribbean Cruise from Fort Lauderdale,Fort Lauderdale,"Disney Castaway Cay | Disney Lookout Cay at Lighthouse Point | Puerto Plata, Dominican Republic","₹3,14,921",INR,Show 4 Dates,4
6-Night Eastern Caribbean Cruise from Fort Lauderdale ending San Juan,Fort Lauderdale ending San Juan,"Disney Castaway Cay | Disney Lookout Cay at Lighthouse Point | St. Thomas, U.S. Virgin Islands | Philipsburg, St. Maarten | San Juan, Puerto Rico","₹3,17,741",INR,Show 1 Date,1
5-Night Bahamian Cruise from Port Canaveral,Port Canaveral,"Nassau, Bahamas | Disney Castaway Cay | Disney Lookout Cay at Lighthouse Point","₹3,20,485",INR,Show 7 Dates,7
3-Night Belgium Cruise from Southampton,Southampton,"Zeebrugge (Brussels), Belgium","₹3,22,690",INR,Show 1 Date,1
3-Night Northern Europe Cruise from Southampton,Southampton,"Rotterdam (Amsterdam), Netherlands","₹3,23,927",INR,Show 1 Date,1
7-Night Alaskan Cruise from Vancouver,Vancouver,"Glacier Viewing (Stikine Icecap), Alaska | Skagway, Alaska | Icy Strait Point, Alaska | Ketchikan, Alaska","₹3,27,058",INR,Show 16 Dates,16
5-Night Bahamian Cruise from Fort Lauderdale,Fort Lauderdale,"Nassau, Bahamas | Disney Castaway Cay | Disney Lookout Cay at Lighthouse Point","₹3,29,755",INR,Show 3 Dates,3
7-Night Western Caribbean Cruise from Port Canaveral,Port Canaveral,"Cozumel, Mexico | George Town, Grand Cayman | Falmouth, Jamaica | Disney Castaway Cay","₹3,31,344",INR,Show 6 Dates,6
7-Night Western Caribbean Cruise from Fort Lauderdale,Fort Lauderdale,"Disney Lookout Cay at Lighthouse Point | Falmouth, Jamaica | George Town, Grand Cayman | Cozumel, Mexico","₹3,40,798",INR,Show 1 Date,1
7-Night Western Caribbean Cruise from Port Canaveral,Port Canaveral,"Cozumel, Mexico | George Town, Grand Cayman | Falmouth, Jamaica | Disney Castaway Cay","₹3,41,154",INR,Show 27 Dates,27
5-Night Bahamian Cruise from Port Canaveral,Port Canaveral,"Nassau, Bahamas | Disney Lookout Cay at Lighthouse Point","₹3,41,622",INR,Show 1 Date,1
5-Night Bahamian Cruise from Port Canaveral with 2 Stops at Castaway Cay,Port Canaveral with 2 Stops at Castaway Cay,Disney Castaway Cay | Disney Lookout Cay at Lighthouse Point | Disney Castaway Cay,"₹3,42,487",INR,Show 4 Dates,4
5-Night Bahamian Cruise from Fort Lauderdale,Fort Lauderdale,"Nassau, Bahamas | Disney Castaway Cay","₹3,47,134",INR,Show 1 Date,1
7-Night Western Caribbean Cruise from Port Canaveral,Port Canaveral,"Cozumel, Mexico | George Town, Grand Cayman | Falmouth, Jamaica | Disney Castaway Cay","₹3,47,527",INR,Show 6 Dates,6
7-Night Eastern Caribbean Cruise from Port Canaveral,Port Canaveral,"Tortola, British Virgin Islands | St. Thomas, U.S. Virgin Islands | Disney Castaway Cay","₹3,47,824",INR,Show 5 Dates,5
5-Night Bahamian Cruise from Fort Lauderdale,Fort Lauderdale,Disney Castaway Cay | Disney Lookout Cay at Lighthouse Point,"₹3,48,365",INR,Show 2 Dates,2
4-Night Bahamian Cruise from Port Canaveral,Port Canaveral,Disney Lookout Cay at Lighthouse Point,"₹3,49,369",INR,Show 1 Date,1
5-Night Bermuda Cruise from New York ending in San Juan,New York ending in San Juan,"King's Wharf, Bermuda | King's Wharf, Bermuda | San Juan, Puerto Rico","₹3,51,341",INR,Show 1 Date,1
7-Night Eastern Caribbean Cruise from Port Canaveral,Port Canaveral,"Tortola, British Virgin Islands | San Juan, Puerto Rico | Disney Castaway Cay","₹3,51,365",INR,Show 4 Dates,4
6-Night Alaskan Cruise from Vancouver,Vancouver,"Glacier Viewing (Stikine Icecap), Alaska | Icy Strait Point, Alaska | Ketchikan, Alaska","₹3,55,736",INR,Show 1 Date,1
7-Night Bahamian Cruise from Galveston,Galveston,"Nassau, Bahamas | Disney Castaway Cay","₹3,58,304",INR,Show 3 Dates,3
7-Night Eastern Caribbean Cruise from Fort Lauderdale,Fort Lauderdale,"Disney Lookout Cay at Lighthouse Point | San Juan, Puerto Rico | Puerto Plata, Dominican Republic | Disney Castaway Cay","₹3,59,323",INR,Show 1 Date,1
7-Night Eastern Caribbean Cruise from Fort Lauderdale,Fort Lauderdale,"Disney Lookout Cay at Lighthouse Point | St. Thomas, U.S. Virgin Islands | Philipsburg, St. Maarten","₹3,59,623",INR,Show 2 Dates,2
7-Night Eastern Caribbean Cruise from Port Canaveral,Port Canaveral,"Tortola, British Virgin Islands | St. Thomas, U.S. Virgin Islands | Disney Castaway Cay","₹3,60,001",INR,Show 25 Dates,25
4-Night Spain Cruise from Southampton,Southampton,"Bilbao, Spain","₹3,62,203",INR,Show 1 Date,1
4-Night Spain Cruise from Southampton,Southampton,"La Coruña, Spain","₹3,64,447",INR,Show 2 Dates,2
7-Night Eastern Caribbean Cruise from Fort Lauderdale,Fort Lauderdale,"Disney Lookout Cay at Lighthouse Point | Disney Castaway Cay | San Juan, Puerto Rico | Puerto Plata, Dominican Republic","₹3,64,717",INR,Show 1 Date,1
7-Night Alaskan Cruise from Vancouver,Vancouver,"Glacier Viewing (Stikine Icecap), Alaska | Skagway, Alaska | Juneau, Alaska | Ketchikan, Alaska","₹3,67,503",INR,Show 19 Dates,19
7-Night Mexican Riviera Cruise from San Diego,San Diego,"Mazatlán, Mexico | Cabo San Lucas, Mexico | Ensenada, Mexico","₹3,68,599",INR,Show 1 Date,1
7-Night Eastern Caribbean Cruise from Port Canaveral,Port Canaveral,"St. Thomas, U.S. Virgin Islands | Tortola, British Virgin Islands | Disney Castaway Cay","₹3,69,401",INR,Show 4 Dates,4
7-Night Eastern Caribbean Cruise from Fort Lauderdale,Fort Lauderdale,"Disney Lookout Cay at Lighthouse Point | San Juan, Puerto Rico | St. Thomas, U.S. Virgin Islands | Disney Castaway Cay","₹3,71,843",INR,Show 1 Date,1
7-Night Eastern Caribbean Cruise from Fort Lauderdale,Fort Lauderdale,"Disney Lookout Cay at Lighthouse Point | San Juan, Puerto Rico | Philipsburg, St. Maarten","₹3,71,892",INR,Show 3 Dates,3
7-Night Eastern Caribbean Cruise from Fort Lauderdale,Fort Lauderdale,"Disney Lookout Cay at Lighthouse Point | San Juan, Puerto Rico | Philipsburg, St. Maarten","₹3,82,208",INR,Show 1 Date,1
7-Night Bahamian Cruise from Fort Lauderdale with 2 stops at Castaway Cay,Fort Lauderdale with 2 stops at Castaway Cay,"Disney Lookout Cay at Lighthouse Point | Disney Castaway Cay | Nassau, Bahamas | Disney Castaway Cay","₹3,86,288",INR,Show 1 Date,1
7-Night Southern Caribbean Cruise from San Juan,San Juan,"Bridgetown, Barbados | Castries, St. Lucia | Roseau, Dominica | St. John's, Antigua","₹4,01,716",INR,Show 1 Date,1
6-Night Western Caribbean Cruise from Port Canaveral,Port Canaveral,"Cozumel, Mexico | George Town, Grand Cayman | Disney Castaway Cay","₹4,03,032",INR,Show 1 Date,1
7-Night Southern Caribbean Cruise from San Juan,San Juan,"Oranjestad, Aruba | Willemstad, Curaçao | Roseau, Dominica | St. John's, Antigua","₹4,03,430",INR,Show 1 Date,1
6-Night Bahamian Cruise from Port Canaveral with 2 Stops at Castaway Cay,Port Canaveral with 2 Stops at Castaway Cay,"Disney Castaway Cay | Disney Lookout Cay at Lighthouse Point | Nassau, Bahamas | Disney Castaway Cay","₹4,09,464",INR,Show 1 Date,1
6-Night Bahamian Cruise from Fort Lauderdale,Fort Lauderdale,Disney Castaway Cay | Disney Lookout Cay at Lighthouse Point | Disney Castaway Cay,"₹4,21,601",INR,Show 1 Date,1
7-Night Eastern Caribbean Cruise from Fort Lauderdale,Fort Lauderdale,"Disney Lookout Cay at Lighthouse Point | San Juan, Puerto Rico | St. John's, Antigua","₹4,40,215",INR,Show 2 Dates,2
7-Night Southern Caribbean Cruise from San Juan,San Juan,"Oranjestad, Aruba | Kralendijk, Bonaire | Willemstad, Curaçao | Philipsburg, St. Maarten","₹4,42,357",INR,Show 1 Date,1
5-Night Bahamian Cruise from Fort Lauderdale,Fort Lauderdale,"Nassau, Bahamas | Disney Lookout Cay at Lighthouse Point","₹4,71,997",INR,Show 1 Date,1
7-Night Southern Caribbean Cruise from San Juan,San Juan,"Oranjestad, Aruba | Kralendijk, Bonaire | Roseau, Dominica | Philipsburg, St. Maarten","₹4,74,875",INR,Show 1 Date,1
7-Night Eastern Caribbean Cruise from Fort Lauderdale,Fort Lauderdale,"Philipsburg, St. Maarten | San Juan, Puerto Rico | Disney Castaway Cay","₹4,75,615",INR,Show 1 Date,1
6-Night Bahamian Cruise from Fort Lauderdale with 2 Stops at Castaway Cay,Fort Lauderdale with 2 Stops at Castaway Cay,"Disney Lookout Cay at Lighthouse Point | Disney Castaway Cay | Nassau, Bahamas | Disney Castaway Cay","₹4,75,840",INR,Show 1 Date,1
14-Night Eastbound Panama Canal Cruise from San Diego ending in Galveston,San Diego ending in Galveston,"Cabo San Lucas, Mexico | Puerto Vallarta, Mexico | Panama Canal | Cartagena, Colombia | George Town, Grand Cayman | Galveston, Texas","₹4,77,221",INR,Show 1 Date,1
14-Night Westbound Panama Canal Cruise from Galveston ending in San Diego,Galveston ending in San Diego,"Cartagena, Colombia | Colón, Panama | Panama Canal | Cabo San Lucas, Mexico | Ensenada, Mexico | San Diego, California","₹4,87,586",INR,Show 1 Date,1
5-Night Canada & New England Cruise from New York,New York,"Saint John (New Brunswick), Canada | Boston, Massachusetts","₹4,95,142",INR,Show 1 Date,1
7-Night Bahamian Cruise from Galveston,Galveston,"Disney Lookout Cay at Lighthouse Point | Nassau, Bahamas","₹5,02,578",INR,Show 1 Date,1
5-Night Spain Cruise from Southampton,Southampton,"La Coruña, Spain | Bilbao, Spain","₹5,12,421",INR,Show 1 Date,1
14-Night Eastbound Panama Canal Cruise from San Diego ending in Galveston,San Diego ending in Galveston,"Cabo San Lucas, Mexico | Puerto Vallarta, Mexico | Fuerte Amador (Panama City), Panama | Panama Canal | Cartagena, Colombia | Galveston, Texas","₹5,20,256",INR,Show 1 Date,1
8-Night Alaskan Cruise from Vancouver,Vancouver,"Glacier Viewing (Stikine Icecap), Alaska | Skagway, Alaska | Icy Strait Point, Alaska | Sitka, Alaska | Ketchikan, Alaska","₹5,20,971",INR,Show 1 Date,1
5-Night Spain Cruise from Southampton,Southampton,"Vigo, Spain | La Coruña, Spain","₹5,23,252",INR,Show 1 Date,1
7-Night Mexican Riviera Cruise from San Diego,San Diego,"Cabo San Lucas, Mexico | Puerto Vallarta, Mexico | Mazatlán, Mexico","₹5,26,396",INR,Show 1 Date,1
7-Night Western Caribbean Cruise from Fort Lauderdale,Fort Lauderdale,"George Town, Grand Cayman | Falmouth, Jamaica | Disney Lookout Cay at Lighthouse Point | Nassau, Bahamas","₹5,31,160",INR,Show 1 Date,1
7-Night Eastern Caribbean Cruise from Fort Lauderdale,Fort Lauderdale,"Disney Lookout Cay at Lighthouse Point | Disney Castaway Cay | Puerto Plata, Dominican Republic | Nassau, Bahamas","₹5,33,285",INR,Show 1 Date,1
5-Night Bahamian Cruise from Fort Lauderdale,Fort Lauderdale,Disney Lookout Cay at Lighthouse Point | Disney Castaway Cay,"₹5,44,692",INR,Show 1 Date,1
8-Night Eastern Caribbean Cruise from Fort Lauderdale,Fort Lauderdale,"Disney Lookout Cay at Lighthouse Point | San Juan, Puerto Rico | St. John's, Antigua | Philipsburg, St. Maarten","₹5,52,937",INR,Show 1 Date,1
7-Night Mexican Riviera Cruise from San Diego,San Diego,"Mazatlán, Mexico | Puerto Vallarta, Mexico","₹5,53,642",INR,Show 1 Date,1
7-Night Eastern Caribbean Cruise from Port Canaveral,Port Canaveral,"Philipsburg, St. Maarten | St. Thomas, U.S. Virgin Islands | Disney Castaway Cay","₹5,60,755",INR,Show 1 Date,1
7-Night Western Caribbean Cruise from Fort Lauderdale,Fort Lauderdale,"Disney Lookout Cay at Lighthouse Point | Falmouth, Jamaica | George Town, Grand Cayman | Cozumel, Mexico","₹5,73,973",INR,Show 1 Date,1
14-Night Westbound Panama Canal Cruise from Galveston ending in San Diego,Galveston ending in San Diego,"Cozumel, Mexico | Cartagena, Colombia | Panama Canal | Cabo San Lucas, Mexico | Ensenada, Mexico | San Diego, California","₹5,79,980",INR,Show 1 Date,1
6-Night Western Europe Cruise from Barcelona ending in Southampton,Barcelona ending in Southampton,"Gibraltar | Lisbon, Portugal | Vigo, Spain | Southampton, England","₹5,81,777",INR,Show 1 Date,1
7-Night Eastern Caribbean Cruise from Fort Lauderdale,Fort Lauderdale,"Disney Lookout Cay at Lighthouse Point | Tortola, British Virgin Islands | Philipsburg, St. Maarten","₹6,19,288",INR,Show 1 Date,1
7-Night Mediterranean Cruise from Barcelona,Barcelona,"Palma de Mallorca, Spain | Naples (Pompeii), Italy | Civitavecchia (Rome), Italy | Livorno (Florence, Pisa), Italy","₹6,22,873",INR,Show 2 Dates,2
7-Night Mediterranean Cruise from Barcelona,Barcelona,"Naples (Pompeii), Italy | Civitavecchia (Rome), Italy | Livorno (Florence, Pisa), Italy | Genoa (Milan), Italy","₹6,23,010",INR,Show 1 Date,1
7-Night British Isles Cruise from Southampton,Southampton,"Greenock (Glasgow & Edinburgh), Scotland | Liverpool, England | Belfast, Northern Ireland | Portland (Stonehenge), England","₹6,25,622",INR,Show 1 Date,1
8-Night Bermuda Cruise from Fort Lauderdale,Fort Lauderdale,"King's Wharf, Bermuda | King's Wharf, Bermuda | Disney Lookout Cay at Lighthouse Point | Disney Castaway Cay","₹6,36,143",INR,Show 1 Date,1
7-Night Eastern Caribbean Cruise from Fort Lauderdale,Fort Lauderdale,"Disney Castaway Cay | Disney Lookout Cay at Lighthouse Point | San Juan, Puerto Rico | Puerto Plata, Dominican Republic","₹6,41,216",INR,Show 2 Dates,2
7-Night Eastern Caribbean Cruise from Port Canaveral,Port Canaveral,"Tortola, British Virgin Islands | San Juan, Puerto Rico | Disney Castaway Cay","₹6,50,711",INR,Show 1 Date,1
7-Night Northern Europe Cruise from Southampton,Southampton,"Rotterdam (Amsterdam), Netherlands | Kristiansand, Norway | Copenhagen, Denmark | Skagen, Denmark","₹6,68,736",INR,Show 1 Date,1
7-Night Western Caribbean Cruise from Port Canaveral,Port Canaveral,"Disney Castaway Cay | Disney Lookout Cay at Lighthouse Point | Cozumel, Mexico","₹7,10,146",INR,Show 1 Date,1
8-Night Mediterranean Cruise with Greek Isles from Civitavecchia (Rome),Civitavecchia (Rome),"Chania, Greece | Santorini, Greece | Rhodes, Greece | Mykonos, Greece | Naples (Pompeii), Italy","₹7,22,900",INR,Show 1 Date,1
7-Night Canada Cruise from New York,New York,"Charlottetown (Prince Edward Island), Canada | Sydney (Nova Scotia), Canada | Halifax (Nova Scotia), Canada","₹7,32,476",INR,Show 1 Date,1
7-Night Southern Caribbean Cruise from San Juan,San Juan,"Willemstad, Curaçao | Oranjestad, Aruba | St. John's, Antigua | Philipsburg, St. Maarten","₹7,45,919",INR,Show 1 Date,1
9-Night Mediterranean with Greek Isles Cruise from Barcelona ending in Civitavecchia (Rome),Barcelona ending in Civitavecchia (Rome),"Valletta, Malta | Chania, Greece | Piraeus (Athens), Greece | Mykonos, Greece | Naples (Pompeii), Italy | Civitavecchia (Rome), Italy","₹7,49,695",INR,Show 1 Date,1
7-Night Norwegian Fjords Cruise from Southampton,Southampton,"Kristiansand, Norway | Olden, Norway | Alesund, Norway | Haugesund, Norway","₹7,59,303",INR,Show 1 Date,1
7-Night Norwegian Fjords Cruise from Southampton,Southampton,"Bergen, Norway | Hellesylt, Norway | Alesund, Norway | Stavanger, Norway","₹7,62,258",INR,Show 1 Date,1
7-Night Western Caribbean Cruise from Port Canaveral,Port Canaveral,"Disney Castaway Cay | Falmouth, Jamaica | George Town, Grand Cayman","₹7,72,155",INR,Show 1 Date,1
8-Night Eastern Caribbean Cruise from Port Canaveral,Port Canaveral,"Tortola, British Virgin Islands | St. Thomas, U.S. Virgin Islands | San Juan, Puerto Rico | Disney Castaway Cay","₹7,94,327",INR,Show 1 Date,1
8-Night Adriatic Sea and Greece Cruise from Civitavecchia (Rome),Civitavecchia (Rome),"Corfu, Greece | Trieste (Venice), Italy | Zadar, Croatia | Dubrovnik, Croatia","₹7,96,949",INR,Show 1 Date,1
10-Night Mediterranean with Greek Isles Cruise from Civitavecchia (Rome) ending in Barcelona,Civitavecchia (Rome) ending in Barcelona,"Piraeus (Athens), Greece | Mykonos, Greece | Rhodes, Greece | Chania, Greece | Messina (Sicily), Italy | Barcelona, Spain","₹7,97,132",INR,Show 1 Date,1
10-Night Southern Caribbean Cruise from Port Canaveral,Port Canaveral,"Philipsburg, St. Maarten | Castries, St. Lucia | St. John's, Antigua | San Juan, Puerto Rico | Disney Lookout Cay at Lighthouse Point | Disney Castaway Cay","₹8,16,384",INR,Show 1 Date,1
4-Night Bermuda Cruise from New York,New York,"King's Wharf, Bermuda","₹24,83,273",INR,Show 1 Date,1
